accuracy,loss,precision,recall,val_accuracy,val_loss,val_precision,val_recall,learning_rate
0.8259872794151306,0.43816253542900085,0.8259872794151306,0.8259872794151306,0.9668367505073547,0.16725702583789825,0.9668367505073547,0.9668367505073547,9.999999747378752e-05
0.9396178126335144,0.16599082946777344,0.9396178126335144,0.9396178126335144,0.978741466999054,0.0787656307220459,0.978741466999054,0.978741466999054,9.999999747378752e-05
0.9571974277496338,0.12259139120578766,0.9571974277496338,0.9571974277496338,0.9855442047119141,0.04777180403470993,0.9855442047119141,0.9855442047119141,9.999999747378752e-05
0.9640764594078064,0.10384801030158997,0.9640764594078064,0.9640764594078064,0.988095223903656,0.03396933525800705,0.988095223903656,0.988095223903656,9.999999747378752e-05
0.968662440776825,0.08395704627037048,0.968662440776825,0.968662440776825,0.9940476417541504,0.02468746528029442,0.9940476417541504,0.9940476417541504,9.999999747378752e-05
