accuracy,loss,precision,recall,val_accuracy,val_loss,val_precision,val_recall,learning_rate
0.8692993521690369,0.3031432330608368,0.8692993521690369,0.8692993521690369,0.9685373902320862,0.10545240342617035,0.9685373902320862,0.9685373902320862,9.999999747378752e-05
0.9587261080741882,0.1192595586180687,0.9587261080741882,0.9587261080741882,0.9804421663284302,0.05542651191353798,0.9804421663284302,0.9804421663284302,9.999999747378752e-05
0.9648407697677612,0.09708542376756668,0.9648407697677612,0.9648407697677612,0.988095223903656,0.03439721837639809,0.988095223903656,0.988095223903656,9.999999747378752e-05
0.9763057231903076,0.06625262647867203,0.9763057231903076,0.9763057231903076,0.9923469424247742,0.024382900446653366,0.9923469424247742,0.9923469424247742,9.999999747378752e-05
0.9816560745239258,0.054839570075273514,0.9816560745239258,0.9816560745239258,0.9948979616165161,0.018981024622917175,0.9948979616165161,0.9948979616165161,9.999999747378752e-05
